Model,Mean P@10,Mean R@10,Mean nDCG@10,Mean MRR,Avg Time (s)
BM25,0.75,1.0,0.9991813973648926,1.0,0.25050560633341473
Semantic,0.3,0.407936507936508,0.3845512118594166,0.5099206349206349,0.09968491395314534
