Model,Mean P@10,Mean R@10,Mean nDCG@10,Mean MRR,Avg Time (s)
BM25,0.75,1.0,0.9991813973648926,1.0,0.5032498439153036
Fuzzy,0.0,0.0,0.0,0.0,0.60650102297465
